{"cameraMode":{"drawMode":0,"name":"Shaded","section":"Shading Mode"},"sceneLighting":false,"audioPlay":false,"sceneViewState":{"showFog":true,"showMaterialUpdate":false,"showSkybox":false,"showFlares":true,"showImageEffects":true,"showParticleSystems":true},"in2DMode":false,"pivot":{"x":-7.378550052642822,"y":22.503610610961915,"z":-0.5878617763519287},"rotation":{"x":-0.06576885282993317,"y":-0.7625951170921326,"z":0.07852564007043839,"w":-0.6387150287628174},"size":2.857883930206299,"orthographic":false}